<?xml version="1.0" encoding="UTF-8"?>
<configuration debug="false" scan="false">
	<springProperty scop="context" name="spring.application.name" source="spring.application.name" defaultValue=""/>
	<property name="log.path" value="/data/logs/${spring.application.name}"/>

    <!--输出到文件-->
    <appender name="file" class="ch.qos.logback.core.rolling.RollingFileAppender">
        <file>${log.path}/rolling.log</file>
        <rollingPolicy class="ch.qos.logback.core.rolling.TimeBasedRollingPolicy">
            <fileNamePattern>${log.path}/rolling.%d{yyyy-MM-dd}.log</fileNamePattern>
        </rollingPolicy>
        <encoder class="ch.qos.logback.core.encoder.LayoutWrappingEncoder">
            <layout class="org.apache.skywalking.apm.toolkit.log.logback.v1.x.mdc.TraceIdMDCPatternLogbackLayout">
                <Pattern>%d{yyyy-MM-dd HH:mm:ss.SSS} [%X{tid}] -%5p [%5.30t] %-40.40logger{39} : %m%n</Pattern>
            </layout>
        </encoder>
    </appender>

    <!--传给logstash的⽇志 -->
    <appender name="logstash" class="net.logstash.logback.appender.LogstashTcpSocketAppender">
        <destination>192.168.8.196:9616</destination>
        <encoder charset="UTF-8" class="net.logstash.logback.encoder.LogstashEncoder"/>
    </appender>

    <root level="info">
        <appender-ref ref="file"/>
        <appender-ref ref="logstash"/>
    </root>
</configuration>
