<?xml version="1.0" encoding="utf-8" ?>
<!DOCTYPE mapper PUBLIC "-//mybatis.org//DTD Mapper 3.0//EN" "http://mybatis.org/dtd/mybatis-3-mapper.dtd">
<mapper namespace="com.smartpay.cbp.account.mapper.AccountInfoMapper">
    <resultMap id="BaseResutlMap" type="com.smartpay.cbp.account.entity.AccountInfo">
        <id column="id" property="id"/>
        <result column="ext_account_no" property="extAccountNo"/>
        <result column="account_type" property="accountType"/>
        <result column="currency" property="currency"/>
        <result column="balance" property="balance"/>
        <result column="dac" property="dac"/>
        <result column="status" property="status"/>
        <result column="crt_time" property="crtTime"/>
        <result column="upt_time" property="uptTime"/>
    </resultMap>

</mapper>