<?xml version="1.0" encoding="utf-8" ?>
<!DOCTYPE mapper PUBLIC "-//mybatis.org//DTD Mapper 3.0//EN" "http://mybatis.org/dtd/mybatis-3-mapper.dtd">
<mapper namespace="com.smartpay.cbp.account.mapper.AccountTxnMapper">
    <resultMap id="BaseResutlMap" type="com.smartpay.cbp.account.entity.AccountTxn">
        <id column="id" property="id"/>
        <result column="request_id" property="requestId"/>
        <result column="request_system_id" property="requestSystemId"/>
        <result column="request_time" property="requestTime"/>
        <result column="ext_account_no" property="extAccountNo"/>
        <result column="ext_origin_txn_id" property="extOriginTxnId"/>
        <result column="txn_code" property="txnCode"/>
        <result column="amount" property="amount"/>
        <result column="fee" property="fee"/>
        <result column="origin_txn_id" property="originTxnId"/>
        <result column="remark" property="remark"/>
        <result column="status" property="status"/>
        <result column="response_code" property="responseCode"/>
        <result column="response_msg" property="responseMsg"/>
        <result column="crt_time" property="crtTime"/>
        <result column="upt_time" property="uptTime"/>
    </resultMap>

</mapper>