<?xml version="1.0" encoding="UTF-8"?>
<!DOCTYPE mapper PUBLIC "-//mybatis.org//DTD Mapper 3.0//EN" "http://mybatis.org/dtd/mybatis-3-mapper.dtd">
<mapper namespace="com.smartpay.cbp.account.mapper.AccountChangeMapper">

    <select id="selectStatementStatistic" resultType="com.smartpay.cbp.account.entity.AccountStatement">
        SELECT
            ext_account_no mchtNo,
            account_id accountId,
            account_type accountType,
            currency currency,
            sum(amount) amount,
            min(crt_time) startTime,
            max(crt_time) endTime
        FROM t_account_change
        WHERE
        <if test="mchtNo != null and mchtNo != ''">
            ext_account_no = #{mchtNo} AND
        </if>
        <if test="accountType != null and accountType != ''">
            account_type = #{accountType} AND
        </if>
        <if test="currency != null and currency != ''">
            currency = #{currency} AND
        </if>
        crt_time &gt;= #{start} AND crt_time &lt;= #{end}
        GROUP BY account_id, ext_account_no, account_type, currency
    </select>
</mapper>
