<?xml version="1.0" encoding="UTF-8"?>
<!DOCTYPE mapper
        PUBLIC "-//mybatis.org//DTD Mapper 3.0//EN"
        "http://mybatis.org/dtd/mybatis-3-mapper.dtd">
<mapper namespace="com.smartpay.cbp.channel.mapper.KltErrorCodeMapper">

    <resultMap id="BaseResultMap" type="com.smartpay.cbp.channel.entity.KltErrorCode">
        <id property="id" column="id" jdbcType="VARCHAR"/>
        <result property="errorCode" column="error_code" jdbcType="VARCHAR"/>
        <result property="errorMsg" column="error_msg" jdbcType="VARCHAR"/>
        <result property="disabled" column="disabled" jdbcType="CHAR"/>
        <result property="crtTime" column="crt_time" jdbcType="TIMESTAMP"/>
        <result property="crtBy" column="crt_by" jdbcType="VARCHAR"/>
        <result property="uptTime" column="upt_time" jdbcType="TIMESTAMP"/>
        <result property="uptBy" column="upt_by" jdbcType="VARCHAR"/>
        <result property="delFlag" column="del_flag" jdbcType="CHAR"/>
    </resultMap>

    <sql id="Base_Column_List">
        id,error_code,error_msg,
        disabled,create_by,crt_time,
        upt_by,upt_time,del_flag
    </sql>
</mapper>
