<?xml version="1.0" encoding="UTF-8"?>
<!DOCTYPE mapper
        PUBLIC "-//mybatis.org//DTD Mapper 3.0//EN"
        "http://mybatis.org/dtd/mybatis-3-mapper.dtd">
<mapper namespace="com.smartpay.cbp.channel.mapper.KltPaymentReqMapper">

    <resultMap id="BaseResultMap" type="com.smartpay.cbp.channel.entity.KltPaymentReq">
        <id property="id" column="id" jdbcType="VARCHAR"/>
        <result property="remitOrderId" column="remit_order_id" jdbcType="VARCHAR"/>
        <result property="merchantNo" column="merchant_no" jdbcType="VARCHAR"/>
        <result property="signType" column="sign_type" jdbcType="CHAR"/>
        <result property="orderState" column="order_state" jdbcType="CHAR"/>
        <result property="sendType" column="send_type" jdbcType="CHAR"/>
        <result property="mchtOrderNo" column="mcht_order_no" jdbcType="VARCHAR"/>
        <result property="orderDateTime" column="order_date_time" jdbcType="TIMESTAMP"/>
        <result property="accountNo" column="account_no" jdbcType="VARCHAR"/>
        <result property="accountName" column="account_name" jdbcType="VARCHAR"/>
        <result property="accountType" column="account_type" jdbcType="CHAR"/>
        <result property="bankNo" column="bank_no" jdbcType="VARCHAR"/>
        <result property="bankName" column="bank_name" jdbcType="VARCHAR"/>
        <result property="amt" column="amt" jdbcType="BIGINT"/>
        <result property="purpose" column="purpose" jdbcType="VARCHAR"/>
        <result property="remark" column="remark" jdbcType="VARCHAR"/>
        <result property="responseCode" column="response_code" jdbcType="VARCHAR"/>
        <result property="responseMsg" column="response_msg" jdbcType="VARCHAR"/>
        <result property="notifyUrl" column="notify_url" jdbcType="VARCHAR"/>
        <result property="crtTime" column="crt_time" jdbcType="TIMESTAMP"/>
        <result property="crtBy" column="crt_by" jdbcType="VARCHAR"/>
        <result property="uptTime" column="upt_time" jdbcType="TIMESTAMP"/>
        <result property="uptBy" column="upt_by" jdbcType="VARCHAR"/>
        <result property="delFlag" column="del_flag" jdbcType="CHAR"/>
    </resultMap>

    <sql id="Base_Column_List">
        id,remit_order_id,merchant_no,
        sign_type,order_state,send_type,
        mcht_order_no,order_date_time,account_no,
        account_name,account_type,bank_no,
        bank_name,amt,purpose,
        remark,response_code,response_msg,
        notify_url,create_by,create_time,
        update_by,update_time,del_flag
    </sql>
</mapper>
