<?xml version="1.0" encoding="UTF-8"?>
<!DOCTYPE mapper
        PUBLIC "-//mybatis.org//DTD Mapper 3.0//EN"
        "http://mybatis.org/dtd/mybatis-3-mapper.dtd">
<mapper namespace="com.smartpay.cbp.channel.mapper.KltPaymentResendMapper">

    <resultMap id="BaseResultMap" type="com.smartpay.cbp.channel.entity.KltPaymentResend">
        <id property="id" column="id" jdbcType="VARCHAR"/>
        <result property="remitOrderId" column="remit_order_id" jdbcType="VARCHAR"/>
        <result property="merchantNo" column="merchant_no" jdbcType="VARCHAR"/>
        <result property="orderNo" column="order_no" jdbcType="VARCHAR"/>
        <result property="amt" column="amt" jdbcType="BIGINT"/>
        <result property="status" column="status" jdbcType="CHAR"/>
        <result property="crtTime" column="crt_time" jdbcType="TIMESTAMP"/>
        <result property="crtBy" column="crt_by" jdbcType="VARCHAR"/>
        <result property="uptTime" column="upt_time" jdbcType="TIMESTAMP"/>
        <result property="uptBy" column="upt_by" jdbcType="VARCHAR"/>
        <result property="delFlag" column="del_flag" jdbcType="CHAR"/>
    </resultMap>

    <sql id="Base_Column_List">
        id,remit_order_id,merchant_no,
        order_no,amt,status,
        create_by,create_time,update_by,
        update_time,del_flag
    </sql>
</mapper>
