<?xml version="1.0" encoding="UTF-8"?>
<!DOCTYPE mapper
        PUBLIC "-//mybatis.org//DTD Mapper 3.0//EN"
        "http://mybatis.org/dtd/mybatis-3-mapper.dtd">
<mapper namespace="com.smartpay.cbp.channel.mapper.KltPaymentRecordMapper">

    <resultMap id="BaseResultMap" type="com.smartpay.cbp.channel.entity.KltPaymentRecord">
        <id property="id" column="id" jdbcType="VARCHAR"/>
        <result property="paymentReqId" column="payment_req_id" jdbcType="VARCHAR"/>
        <result property="merchantNo" column="merchant_no" jdbcType="VARCHAR"/>
        <result property="merchantOrderNo" column="merchant_order_no" jdbcType="VARCHAR"/>
        <result property="tag" column="tag" jdbcType="CHAR"/>
        <result property="request" column="request" jdbcType="VARCHAR"/>
        <result property="response" column="response" jdbcType="VARCHAR"/>
        <result property="crtTime" column="crt_time" jdbcType="TIMESTAMP"/>
        <result property="crtBy" column="crt_by" jdbcType="VARCHAR"/>
        <result property="uptTime" column="upt_time" jdbcType="TIMESTAMP"/>
        <result property="uptBy" column="upt_by" jdbcType="VARCHAR"/>
        <result property="delFlag" column="del_flag" jdbcType="CHAR"/>
    </resultMap>

    <sql id="Base_Column_List">
        id,payment_req_id,merchant_no,
        merchant_order_no,tag,request,
        response,create_by,create_time,
        update_by,update_time,del_flag
    </sql>
</mapper>
