<?xml version="1.0" encoding="UTF-8"?>
<!DOCTYPE mapper PUBLIC "-//mybatis.org//DTD Mapper 3.0//EN" "http://mybatis.org/dtd/mybatis-3-mapper.dtd">
<mapper namespace="com.smartpay.cbp.channel.mapper.RegisterNotifyInfoMapper">
  <resultMap id="BaseResultMap" type="com.smartpay.cbp.channel.entity.RegisterNotifyInfoEntity">
    <id column="id" jdbcType="VARCHAR" property="id" />
    <result column="req_no" jdbcType="VARCHAR" property="reqNo" />
    <result column="notify_content" jdbcType="VARCHAR" property="notifyContent" />
    <result column="notify_time" jdbcType="TIMESTAMP" property="notifyTime" />
    <result column="notify_result" jdbcType="VARCHAR" property="notifyResult" />
    <result column="notify_deal_status" jdbcType="VARCHAR" property="notifyDealStatus" />
    <result column="remark" jdbcType="VARCHAR" property="remark" />
    <result column="del_flag" jdbcType="CHAR" property="delFlag" />
    <result column="crt_by" jdbcType="VARCHAR" property="crtBy" />
    <result column="crt_time" jdbcType="TIMESTAMP" property="crtTime" />
    <result column="upt_by" jdbcType="VARCHAR" property="uptBy" />
    <result column="upt_time" jdbcType="TIMESTAMP" property="uptTime" />
  </resultMap>
</mapper>