<?xml version="1.0" encoding="UTF-8"?>
<!DOCTYPE mapper PUBLIC "-//mybatis.org//DTD Mapper 3.0//EN" "http://mybatis.org/dtd/mybatis-3-mapper.dtd">
<mapper namespace="com.smartpay.cbp.channel.mapper.RegisterInfoMapper">
  <resultMap id="BaseResultMap" type="com.smartpay.cbp.channel.entity.RegisterInfoEntity">
    <id column="id" jdbcType="VARCHAR" property="id" />
    <result column="req_no" jdbcType="VARCHAR" property="reqNo" />
    <result column="channel_no" jdbcType="VARCHAR" property="channelNo" />
    <result column="user_no" jdbcType="VARCHAR" property="userNo" />
    <result column="notify_url" jdbcType="VARCHAR" property="notifyUrl" />
    <result column="req_data" jdbcType="VARCHAR" property="reqData" />
    <result column="req_result" jdbcType="VARCHAR" property="reqResult" />
    <result column="async_flag" jdbcType="CHAR" property="asyncFlag" />
    <result column="req_qry_result" jdbcType="VARCHAR" property="reqQryResult" />
    <result column="async_end_time" jdbcType="TIMESTAMP" property="asyncEndTime" />
    <result column="rsp_data" jdbcType="VARCHAR" property="rspData" />
    <result column="req_time" jdbcType="TIMESTAMP" property="reqTime" />
    <result column="rsp_time" jdbcType="TIMESTAMP" property="rspTime" />
    <result column="remark" jdbcType="VARCHAR" property="remark" />
    <result column="del_flag" jdbcType="CHAR" property="delFlag" />
    <result column="crt_by" jdbcType="VARCHAR" property="crtBy" />
    <result column="crt_time" jdbcType="TIMESTAMP" property="crtTime" />
    <result column="upt_by" jdbcType="VARCHAR" property="uptBy" />
    <result column="upt_time" jdbcType="TIMESTAMP" property="uptTime" />
  </resultMap>

  <select id="pageList" parameterType="com.smartpay.cbp.channel.dto.ChannelRegisterPageReqDto"
          resultType="com.smartpay.cbp.channel.dto.ChannelRegisterPageRspDto">
    SELECT A.ID,A.REQ_NO,A.OPEN_USER_NO,A.USER_TYPE,A.NAME_MASK,A.CERT_ID_MASK,A.CHANNEL_NO
    FROM T_CHANNEL_REGISTER_INFO A
    LEFT JOIN T_CHANNEL_REGISTER_NOTIFY_INFO B ON A.REQ_NO = B.REQ_NO
    <trim prefix="WHERE" prefixOverrides="AND | OR">
      <if test="userNo != null and userNo != ''">
        AND A.USER_NO = #{userNo}
      </if>
      <if test="openUserNo != null and openUserNo != ''">
        AND A.OPEN_USER_NO = #{openUserNo}
      </if>
      <if test="userType != null and userType != ''">
        AND A.USER_TYPE = #{userType}
      </if>
      <if test="reqStatus != null and reqStatus != ''">
        AND A.REQ_RESULT = #{reqStatus}
      </if>
      <if test="regStatus != null and regStatus != ''">
        AND B.NOTIFY_RESULT = #{regStatus}
      </if>
      <if test="name != null and name != ''">
        AND A.NAME = #{name}
      </if>
      <if test="certId != null and certId != ''">
        AND A.CERT_ID = #{certId}
      </if>
      <if test="crtStart != null and crtEnd != null">
        AND A.CRT_TIME BETWEEN #{crtStart} AND #{crtEnd}
      </if>
    </trim>
  </select>
</mapper>