<?xml version="1.0" encoding="UTF-8"?>
<!DOCTYPE mapper PUBLIC "-//mybatis.org//DTD Mapper 3.0//EN" "http://mybatis.org/dtd/mybatis-3-mapper.dtd">
<mapper namespace="com.smartpay.cbp.core.mapper.ApproveInfoMapper">
  <resultMap id="BaseResultMap" type="com.smartpay.cbp.core.entity.ApproveInfoEntity">
    <id column="id" jdbcType="VARCHAR" property="id" />
    <result column="business_id" jdbcType="VARCHAR" property="businessId" />
    <result column="approve_user" jdbcType="VARCHAR" property="approveUser" />
    <result column="approve_action" jdbcType="VARCHAR" property="approveAction" />
    <result column="approve_remark" jdbcType="VARCHAR" property="approveRemark" />
    <result column="approve_time" jdbcType="TIMESTAMP" property="approveTime" />
    <result column="remark" jdbcType="VARCHAR" property="remark" />
    <result column="del_flag" jdbcType="CHAR" property="delFlag" />
    <result column="crt_by" jdbcType="VARCHAR" property="crtBy" />
    <result column="crt_time" jdbcType="TIMESTAMP" property="crtTime" />
    <result column="upt_by" jdbcType="VARCHAR" property="uptBy" />
    <result column="upt_time" jdbcType="TIMESTAMP" property="uptTime" />
  </resultMap>
</mapper>