<?xml version="1.0" encoding="UTF-8"?>
<!DOCTYPE mapper PUBLIC "-//mybatis.org//DTD Mapper 3.0//EN" "http://mybatis.org/dtd/mybatis-3-mapper.dtd">
<mapper namespace="com.smartpay.cbp.core.mapper.FileInfoMapper">
  <resultMap id="BaseResultMap" type="com.smartpay.cbp.core.entity.FileInfoEntity">
    <id column="id" jdbcType="VARCHAR" property="id" />
    <result column="file_type" jdbcType="VARCHAR" property="fileType" />
    <result column="file_name" jdbcType="VARCHAR" property="fileName" />
    <result column="file_path" jdbcType="VARCHAR" property="filePath" />
    <result column="file_link" jdbcType="VARCHAR" property="fileLink" />
    <result column="file_size" jdbcType="INTEGER" property="fileSize" />
    <result column="store_type" jdbcType="VARCHAR" property="storeType" />
    <result column="remark" jdbcType="VARCHAR" property="remark" />
    <result column="crt_by" jdbcType="VARCHAR" property="crtBy" />
    <result column="crt_time" jdbcType="TIMESTAMP" property="crtTime" />
    <result column="upt_by" jdbcType="VARCHAR" property="uptBy" />
    <result column="upt_time" jdbcType="TIMESTAMP" property="uptTime" />
  </resultMap>
  <sql id="Base_Column_List">
    id, file_type, file_name, file_path, file_link, file_size, store_type, remark, crt_by, 
    crt_time, upt_by, upt_time
  </sql>
</mapper>