<?xml version="1.0" encoding="UTF-8"?>
<!DOCTYPE mapper PUBLIC "-//mybatis.org//DTD Mapper 3.0//EN" "http://mybatis.org/dtd/mybatis-3-mapper.dtd">
<mapper namespace="com.smartpay.cbp.core.mapper.MerchantUserMapper">
  <resultMap id="BaseResultMap" type="com.smartpay.cbp.core.entity.MerchantUserEntity">
    <id column="id" jdbcType="VARCHAR" property="id" />
    <result column="m_id" jdbcType="VARCHAR" property="mId" />
    <result column="m_no" jdbcType="VARCHAR" property="mNo" />
    <result column="user_no" jdbcType="VARCHAR" property="userNo" />
    <result column="channel_id" jdbcType="VARCHAR" property="channelId" />
    <result column="channel_no" jdbcType="VARCHAR" property="channelNo" />
    <result column="open_user_no" jdbcType="VARCHAR" property="openUserNo" />
    <result column="merchant_user_no" jdbcType="VARCHAR" property="merchantUserNo" />
    <result column="status" jdbcType="VARCHAR" property="status" />
    <result column="source_from" jdbcType="VARCHAR" property="sourceFrom" />
    <result column="user_type" jdbcType="VARCHAR" property="userType" />
    <result column="name_mask" jdbcType="VARCHAR" property="nameMask" />
    <result column="name_enc" jdbcType="VARCHAR" property="nameEnc" />
    <result column="mobile_no_mask" jdbcType="VARCHAR" property="mobileNoMask" />
    <result column="mobile_no_enc" jdbcType="VARCHAR" property="mobileNoEnc" />
    <result column="cert_type" jdbcType="VARCHAR" property="certType" />
    <result column="cert_id_mask" jdbcType="VARCHAR" property="certIdMask" />
    <result column="cert_id_enc" jdbcType="VARCHAR" property="certIdEnc" />
    <result column="register_time" jdbcType="TIMESTAMP" property="registerTime" />
    <result column="email" jdbcType="VARCHAR" property="email" />
    <result column="address" jdbcType="VARCHAR" property="address" />
    <result column="profession_code" jdbcType="VARCHAR" property="professionCode" />
    <result column="profession_name" jdbcType="VARCHAR" property="professionName" />
    <result column="license_no" jdbcType="VARCHAR" property="licenseNo" />
    <result column="approve_status" jdbcType="VARCHAR" property="approveStatus" />
    <result column="store_link" jdbcType="VARCHAR" property="storeLink" />
    <result column="remark" jdbcType="VARCHAR" property="remark" />
    <result column="cert_front_file_id" jdbcType="VARCHAR" property="certFrontFileId" />
    <result column="cert_back_file_id" jdbcType="VARCHAR" property="certBackFileId" />
    <result column="license_file_id" jdbcType="VARCHAR" property="licenseFileId" />
    <result column="del_flag" jdbcType="CHAR" property="delFlag" />
    <result column="version" jdbcType="INTEGER" property="version" />
    <result column="crt_time" jdbcType="TIMESTAMP" property="crtTime" />
    <result column="crt_by" jdbcType="VARCHAR" property="crtBy" />
    <result column="upd_time" jdbcType="TIMESTAMP" property="updTime" />
    <result column="upd_by" jdbcType="VARCHAR" property="updBy" />
  </resultMap>
</mapper>