<?xml version="1.0" encoding="UTF-8"?>
<!DOCTYPE mapper
        PUBLIC "-//mybatis.org//DTD Mapper 3.0//EN"
        "http://mybatis.org/dtd/mybatis-3-mapper.dtd">
<mapper namespace="com.smartpay.cbp.core.mapper.RemitOrderFailMapper">

    <resultMap id="BaseResultMap" type="com.smartpay.cbp.core.entity.RemitOrderFail">
        <id property="id" column="id" jdbcType="VARCHAR"/>
        <result property="remitReqId" column="remit_req_id" jdbcType="VARCHAR"/>
        <result property="merchantNo" column="merchant_no" jdbcType="VARCHAR"/>
        <result property="batchNo" column="batch_no" jdbcType="VARCHAR"/>
        <result property="orderNo" column="order_no" jdbcType="VARCHAR"/>
        <result property="businessType" column="business_type" jdbcType="VARCHAR"/>
        <result property="mobilePhone" column="mobile_phone" jdbcType="CHAR"/>
        <result property="productCode" column="product_code" jdbcType="VARCHAR"/>
        <result property="currencyType" column="currency_type" jdbcType="VARCHAR"/>
        <result property="purpose" column="purpose" jdbcType="VARCHAR"/>
        <result property="payUserNo" column="pay_user_no" jdbcType="VARCHAR"/>
        <result property="amt" column="amt" jdbcType="BIGINT"/>
        <result property="cnapsNo" column="cnaps_no" jdbcType="VARCHAR"/>
        <result property="remitType" column="remit_type" jdbcType="CHAR"/>
        <result property="timeType" column="time_type" jdbcType="CHAR"/>
        <result property="accountType" column="account_type" jdbcType="CHAR"/>
        <result property="bankCode" column="bank_code" jdbcType="VARCHAR"/>
        <result property="bankName" column="bank_name" jdbcType="VARCHAR"/>
        <result property="bankAccountNo" column="bank_account_no" jdbcType="VARCHAR"/>
        <result property="bankAccountName" column="bank_account_name" jdbcType="VARCHAR"/>
        <result property="accountIdType" column="account_id_type" jdbcType="CHAR"/>
        <result property="accountIdNo" column="account_id_no" jdbcType="VARCHAR"/>
        <result property="province" column="province" jdbcType="VARCHAR"/>
        <result property="city" column="city" jdbcType="VARCHAR"/>
        <result property="bankBranchName" column="bank_branch_name" jdbcType="VARCHAR"/>
        <result property="platformType" column="platform_type" jdbcType="CHAR"/>
        <result property="platformUserNo" column="platform_user_no" jdbcType="VARCHAR"/>
        <result property="remark" column="remark" jdbcType="VARCHAR"/>
        <result property="remark1" column="remark1" jdbcType="VARCHAR"/>
        <result property="remark2" column="remark2" jdbcType="VARCHAR"/>
        <result property="remark3" column="remark3" jdbcType="VARCHAR"/>
        <result property="remark4" column="remark4" jdbcType="VARCHAR"/>
        <result property="platformName" column="platform_name" jdbcType="VARCHAR"/>
        <result property="failReason" column="fail_reason" jdbcType="VARCHAR"/>
        <result property="crtTime" column="crt_time" jdbcType="TIMESTAMP"/>
        <result property="crtBy" column="crt_by" jdbcType="VARCHAR"/>
        <result property="uptTime" column="upt_time" jdbcType="TIMESTAMP"/>
        <result property="uptBy" column="upt_by" jdbcType="VARCHAR"/>
        <result property="delFlag" column="del_flag" jdbcType="CHAR"/>
    </resultMap>

    <sql id="Base_Column_List">
        id,remit_req_id,merchant_no,
        batch_no,order_no,business_type,
        mobile_phone,product_code,currency_type,
        purpose,pay_user_no,amt,
        cnaps_no,remit_type,time_type,
        account_type,bank_code,bank_name,
        bank_account_no,bank_account_name,account_id_type,
        account_id_no,province,city,
        bank_branch_name,platform_type,platform_user_no,
        remark,remark1,remark2,
        remark3,remark4,platform_name,
        fail_reason,crt_by,crt_time,
        upt_by,upt_time,del_flag
    </sql>
</mapper>
