<?xml version="1.0" encoding="UTF-8"?>
<!DOCTYPE mapper
        PUBLIC "-//mybatis.org//DTD Mapper 3.0//EN"
        "http://mybatis.org/dtd/mybatis-3-mapper.dtd">
<mapper namespace="com.smartpay.cbp.core.mapper.RemitReqMapper">

    <resultMap id="BaseResultMap" type="com.smartpay.cbp.core.entity.RemitReq">
            <id property="id" column="id" jdbcType="VARCHAR"/>
            <result property="remitNo" column="remit_no" jdbcType="VARCHAR"/>
            <result property="merchantNo" column="merchant_no" jdbcType="VARCHAR"/>
            <result property="batchNo" column="batch_no" jdbcType="VARCHAR"/>
            <result property="remitCur" column="remit_cur" jdbcType="CHAR"/>
            <result property="source" column="source" jdbcType="CHAR"/>
            <result property="fileId" column="file_id" jdbcType="VARCHAR"/>
            <result property="fileName" column="file_name" jdbcType="VARCHAR"/>
            <result property="totalCount" column="total_count" jdbcType="INTEGER"/>
            <result property="totalAmount" column="total_amount" jdbcType="BIGINT"/>
            <result property="totalSuccessCount" column="total_success_count" jdbcType="INTEGER"/>
            <result property="totalSuccessAmount" column="total_success_amount" jdbcType="BIGINT"/>
            <result property="reviewUserId" column="review_user_id" jdbcType="VARCHAR"/>
            <result property="reviewTime" column="review_time" jdbcType="TIMESTAMP"/>
            <result property="reviewRemark" column="review_remark" jdbcType="VARCHAR"/>
            <result property="status" column="status" jdbcType="CHAR"/>
            <result property="failFileId" column="fail_file_id" jdbcType="VARCHAR"/>
            <result property="failFileName" column="fail_file_name" jdbcType="VARCHAR"/>
            <result property="crtTime" column="crt_time" jdbcType="TIMESTAMP"/>
            <result property="crtBy" column="crt_by" jdbcType="VARCHAR"/>
            <result property="uptTime" column="upt_time" jdbcType="TIMESTAMP"/>
            <result property="uptBy" column="upt_by" jdbcType="VARCHAR"/>
            <result property="delFlag" column="del_flag" jdbcType="CHAR"/>
    </resultMap>

    <sql id="Base_Column_List">
        id,remit_no,merchant_no,
        batch_no,remit_cur,source,
        file_id,file_name,total_count,
        total_amount,total_success_count,total_success_amount,
        apply_user_no,review_user_no,review_time,
        review_remark,status,fail_file_id,
        fail_file_name,crt_time,crt_by,
        upt_time,upt_by,del_flag
    </sql>
</mapper>
